,PassengerId,Survived,Pclass,Sex,Age,SibSp,Parch,Embarked,Title
366,367,1,1,1,60.0,1,0,2,3
98,99,1,2,1,34.0,0,1,1,3
620,621,0,3,0,27.0,1,0,2,1
421,422,0,3,0,21.0,0,0,3,1
731,732,0,3,0,11.0,0,0,2,1
323,324,1,2,1,22.0,1,1,1,3
574,575,0,3,0,16.0,0,0,1,1
270,271,0,1,0,0.0,0,0,1,1
729,730,0,3,1,25.0,1,0,1,2
248,249,1,1,0,37.0,1,1,1,1
114,115,0,3,1,17.0,0,0,2,2
173,174,0,3,0,21.0,0,0,1,1
462,463,0,1,0,47.0,0,0,1,1
139,140,0,1,0,24.0,0,0,2,1
863,864,0,3,1,0.0,8,2,1,2
640,641,0,3,0,20.0,0,0,1,1
212,213,0,3,0,22.0,0,0,1,1
768,769,0,3,0,0.0,1,0,3,1
373,374,0,1,0,22.0,0,0,2,1
375,376,1,1,1,0.0,1,0,2,3
752,753,0,3,0,33.0,0,0,1,1
394,395,1,3,1,24.0,0,2,1,3
290,291,1,1,1,26.0,0,0,1,2
666,667,0,2,0,25.0,0,0,1,1
488,489,0,3,0,30.0,0,0,1,1
47,48,1,3,1,0.0,0,0,3,2
730,731,1,1,1,29.0,0,0,1,2
396,397,0,3,1,31.0,0,0,1,2
728,729,0,2,0,25.0,1,0,1,1
759,760,1,1,1,33.0,0,0,1,5
359,360,1,3,1,0.0,0,0,3,2
682,683,0,3,0,20.0,0,0,1,1
208,209,1,3,1,16.0,0,0,3,2
329,330,1,1,1,16.0,0,1,2,2
529,530,0,2,0,23.0,2,1,1,1
594,595,0,2,0,37.0,1,0,1,1
774,775,1,2,1,54.0,1,3,1,3
87,88,0,3,0,0.0,0,0,1,1
628,629,0,3,0,26.0,0,0,1,1
370,371,1,1,0,25.0,1,0,2,1
278,279,0,3,0,7.0,4,1,3,4
85,86,1,3,1,33.0,3,0,1,3
646,647,0,3,0,19.0,0,0,1,1
283,284,1,3,0,19.0,0,0,1,1
458,459,1,2,1,50.0,0,0,1,2
313,314,0,3,0,28.0,0,0,1,1
138,139,0,3,0,16.0,0,0,1,1
744,745,1,3,0,31.0,0,0,1,1
317,318,0,2,0,54.0,0,0,1,6
276,277,0,3,1,45.0,0,0,1,2
708,709,1,1,1,22.0,0,0,1,2
399,400,1,2,1,28.0,0,0,1,3
113,114,0,3,1,20.0,1,0,1,2
314,315,0,2,0,43.0,1,1,1,1
531,532,0,3,0,0.0,0,0,2,1
662,663,0,1,0,47.0,0,0,1,1
691,692,1,3,1,4.0,0,1,2,2
409,410,0,3,1,0.0,3,1,1,2
734,735,0,2,0,23.0,0,0,1,1
280,281,0,3,0,65.0,0,0,3,1
716,717,1,1,1,38.0,0,0,2,2
79,80,1,3,1,30.0,0,0,1,2
251,252,0,3,1,29.0,1,1,1,3
89,90,0,3,0,24.0,0,0,1,1
548,549,0,3,0,33.0,1,1,1,1
25,26,1,3,1,38.0,1,5,1,3
770,771,0,3,0,24.0,0,0,1,1
492,493,0,1,0,55.0,0,0,1,1
842,843,1,1,1,30.0,0,0,2,2
568,569,0,3,0,0.0,0,0,2,1
197,198,0,3,0,42.0,0,1,1,1
318,319,1,1,1,31.0,0,2,1,2
610,611,0,3,1,39.0,1,5,1,3
664,665,1,3,0,20.0,1,0,1,1
651,652,1,2,1,18.0,0,1,1,2
286,287,1,3,0,30.0,0,0,1,1
378,379,0,3,0,20.0,0,0,2,1
539,540,1,1,1,22.0,0,2,2,2
886,887,0,2,0,27.0,0,0,1,6
122,123,0,2,0,32.5,1,0,2,1
176,177,0,3,0,0.0,3,1,1,4
245,246,0,1,0,44.0,2,0,3,6
162,163,0,3,0,26.0,0,0,1,1
750,751,1,2,1,4.0,1,1,1,2
84,85,1,2,1,17.0,0,0,1,2
146,147,1,3,0,27.0,0,0,1,1
305,306,1,1,0,0.92,1,2,1,4
236,237,0,2,0,44.0,1,0,1,1
751,752,1,3,0,6.0,0,1,1,4
853,854,1,1,1,16.0,0,1,1,2
601,602,0,3,0,0.0,0,0,1,1
186,187,1,3,1,0.0,1,0,3,3
724,725,1,1,0,27.0,1,0,1,1
528,529,0,3,0,39.0,0,0,1,1
773,774,0,3,0,0.0,0,0,2,1
725,726,0,3,0,20.0,0,0,1,1
802,803,1,1,0,11.0,1,2,1,4
870,871,0,3,0,26.0,0,0,1,1
873,874,0,3,0,47.0,0,0,1,1
459,460,0,3,0,0.0,0,0,3,1
743,744,0,3,0,24.0,1,0,1,1
5,6,0,3,0,0.0,0,0,3,1
556,557,1,1,1,48.0,1,0,2,6
29,30,0,3,0,0.0,0,0,1,1
65,66,1,3,0,0.0,1,1,2,4
533,534,1,3,1,0.0,0,2,2,3
621,622,1,1,0,42.0,1,0,1,1
849,850,1,1,1,0.0,1,0,2,3
180,181,0,3,1,0.0,8,2,1,2
564,565,0,3,1,0.0,0,0,1,2
420,421,0,3,0,0.0,0,0,2,1
710,711,1,1,1,24.0,0,0,2,2
822,823,0,1,0,38.0,0,0,1,6
830,831,1,3,1,15.0,1,0,2,3
307,308,1,1,1,17.0,1,0,2,3
220,221,1,3,0,16.0,0,0,1,1
884,885,0,3,0,25.0,0,0,1,1
36,37,1,3,0,0.0,0,0,2,1
474,475,0,3,1,22.0,0,0,1,2
615,616,1,2,1,24.0,1,2,1,2
476,477,0,2,0,34.0,1,0,1,1
258,259,1,1,1,35.0,0,0,2,2
818,819,0,3,0,43.0,0,0,1,1
667,668,0,3,0,0.0,0,0,1,1
635,636,1,2,1,28.0,0,0,1,2
707,708,1,1,0,42.0,0,0,1,1
532,533,0,3,0,17.0,1,1,2,1
400,401,1,3,0,39.0,0,0,1,1
749,750,0,3,0,31.0,0,0,3,1
565,566,0,3,0,24.0,2,0,1,1
291,292,1,1,1,19.0,1,0,2,3
819,820,0,3,0,10.0,3,2,1,4
21,22,1,2,0,34.0,0,0,1,1
489,490,1,3,0,9.0,1,1,1,4
579,580,1,3,0,32.0,0,0,1,1
217,218,0,2,0,42.0,1,0,1,1
592,593,0,3,0,47.0,0,0,1,1
242,243,0,2,0,29.0,0,0,1,1
11,12,1,1,1,58.0,0,0,1,2
624,625,0,3,0,21.0,0,0,1,1
13,14,0,3,0,39.0,1,5,1,1
453,454,1,1,0,49.0,1,0,2,1
460,461,1,1,0,48.0,0,0,1,1
862,863,1,1,1,48.0,0,0,1,3
71,72,0,3,1,16.0,5,2,1,2
499,500,0,3,0,24.0,0,0,1,1
695,696,0,2,0,52.0,0,0,1,1
127,128,1,3,0,24.0,0,0,1,1
737,738,1,1,0,35.0,0,0,2,1
787,788,0,3,0,8.0,4,1,3,4
374,375,0,3,1,3.0,3,1,1,2
806,807,0,1,0,39.0,0,0,1,1
82,83,1,3,1,0.0,0,0,3,2
722,723,0,2,0,34.0,0,0,1,1
298,299,1,1,0,0.0,0,0,1,1
845,846,0,3,0,42.0,0,0,1,1
847,848,0,3,0,35.0,0,0,2,1
479,480,1,3,1,2.0,0,1,1,2
170,171,0,1,0,61.0,0,0,1,1
389,390,1,2,1,17.0,0,0,2,2
605,606,0,3,0,36.0,1,0,1,1
676,677,0,3,0,24.5,0,0,1,1
361,362,0,2,0,29.0,1,0,2,1
124,125,0,1,0,54.0,0,1,1,1
812,813,0,2,0,35.0,0,0,1,1
714,715,0,2,0,52.0,0,0,1,1
563,564,0,3,0,0.0,0,0,1,1
20,21,0,2,0,35.0,0,0,1,1
619,620,0,2,0,26.0,0,0,1,1
221,222,0,2,0,27.0,0,0,1,1
395,396,0,3,0,22.0,0,0,1,1
380,381,1,1,1,42.0,0,0,2,2
152,153,0,3,0,55.5,0,0,1,1
723,724,0,2,0,50.0,0,0,1,1
179,180,0,3,0,36.0,0,0,1,1
321,322,0,3,0,27.0,0,0,1,1
457,458,1,1,1,0.0,1,0,1,3
538,539,0,3,0,0.0,0,0,1,1
472,473,1,2,1,33.0,1,2,1,3
771,772,0,3,0,48.0,0,0,1,1
282,283,0,3,0,16.0,0,0,1,1
589,590,0,3,0,0.0,0,0,1,1
614,615,0,3,0,35.0,0,0,1,1
826,827,0,3,0,0.0,0,0,1,1
239,240,0,2,0,33.0,0,0,1,1
454,455,0,3,0,0.0,0,0,1,1
45,46,0,3,0,0.0,0,0,1,1
854,855,0,2,1,44.0,1,0,1,3
536,537,0,1,0,45.0,0,0,1,6
336,337,0,1,0,29.0,1,0,1,1
406,407,0,3,0,51.0,0,0,1,1
194,195,1,1,1,44.0,0,0,2,3
554,555,1,3,1,22.0,0,0,1,2
604,605,1,1,0,35.0,0,0,2,1
384,385,0,3,0,0.0,0,0,1,1
263,264,0,1,0,40.0,0,0,1,1
196,197,0,3,0,0.0,0,0,3,1
121,122,0,3,0,0.0,0,0,1,1
70,71,0,2,0,32.0,0,0,1,1
461,462,0,3,0,34.0,0,0,1,1
852,853,0,3,1,9.0,1,1,2,2
255,256,1,3,1,29.0,0,2,2,3
883,884,0,2,0,28.0,0,0,1,1
576,577,1,2,1,34.0,0,0,1,2
222,223,0,3,0,51.0,0,0,1,1
559,560,1,3,1,36.0,1,0,1,3
816,817,0,3,1,23.0,0,0,1,2
46,47,0,3,0,0.0,1,0,3,1
675,676,0,3,0,18.0,0,0,1,1
756,757,0,3,0,28.0,0,0,1,1
345,346,1,2,1,24.0,0,0,1,2
869,870,1,3,0,4.0,1,1,1,4
424,425,0,3,0,18.0,1,1,1,1
309,310,1,1,1,30.0,0,0,2,2
155,156,0,1,0,51.0,0,1,2,1
679,680,1,1,0,36.0,0,1,2,1
3,4,1,1,1,35.0,1,0,1,3
552,553,0,3,0,0.0,0,0,3,1
28,29,1,3,1,0.0,0,0,3,2
272,273,1,2,1,41.0,0,1,1,3
829,830,1,1,1,62.0,0,0,0,3
427,428,1,2,1,19.0,0,0,1,2
288,289,1,2,0,42.0,0,0,1,1
346,347,1,2,1,40.0,0,0,1,2
633,634,0,1,0,0.0,0,0,1,1
553,554,1,3,0,22.0,0,0,2,1
638,639,0,3,1,41.0,0,5,1,3
573,574,1,3,1,0.0,0,0,3,2
490,491,0,3,0,0.0,1,0,1,1
890,891,0,3,0,32.0,0,0,3,1
331,332,0,1,0,45.5,0,0,1,1
117,118,0,2,0,29.0,1,0,1,1
496,497,1,1,1,54.0,1,0,2,2
187,188,1,1,0,45.0,0,0,1,1
299,300,1,1,1,50.0,0,1,2,3
433,434,0,3,0,17.0,0,0,1,1
189,190,0,3,0,36.0,0,0,1,1
760,761,0,3,0,0.0,0,0,1,1
507,508,1,1,0,0.0,0,0,1,1
254,255,0,3,1,41.0,0,2,1,3
814,815,0,3,0,30.5,0,0,1,1
275,276,1,1,1,63.0,1,0,1,2
440,441,1,2,1,45.0,1,1,1,3
701,702,1,1,0,35.0,0,0,1,1
320,321,0,3,0,22.0,0,0,1,1
414,415,1,3,0,44.0,0,0,1,1
464,465,0,3,0,0.0,0,0,1,1
469,470,1,3,1,0.75,2,1,2,2
456,457,0,1,0,65.0,0,0,1,1
44,45,1,3,1,19.0,0,0,3,2
171,172,0,3,0,4.0,4,1,3,4
525,526,0,3,0,40.5,0,0,3,1
281,282,0,3,0,28.0,0,0,1,1
169,170,0,3,0,28.0,0,0,1,1
369,370,1,1,1,24.0,0,0,2,3
715,716,0,3,0,19.0,0,0,1,1
801,802,1,2,1,31.0,1,1,1,3
519,520,0,3,0,32.0,0,0,1,1
449,450,1,1,0,52.0,0,0,1,6
237,238,1,2,1,8.0,0,2,1,2
401,402,0,3,0,26.0,0,0,1,1
214,215,0,3,0,0.0,1,0,3,1
618,619,1,2,1,4.0,2,1,1,2
466,467,0,2,0,0.0,0,0,1,1
322,323,1,2,1,30.0,0,0,3,2
123,124,1,2,1,32.5,0,0,1,2
265,266,0,2,0,36.0,0,0,1,1
310,311,1,1,1,24.0,0,0,2,2
572,573,1,1,0,36.0,0,0,1,1
326,327,0,3,0,61.0,0,0,1,1
193,194,1,2,0,3.0,1,1,1,4
878,879,0,3,0,0.0,0,0,1,1
809,810,1,1,1,33.0,1,0,1,3
843,844,0,3,0,34.5,0,0,2,1
405,406,0,2,0,34.0,1,0,1,1
83,84,0,1,0,28.0,0,0,1,1
134,135,0,2,0,25.0,0,0,1,1
292,293,0,2,0,36.0,0,0,2,1
367,368,1,3,1,0.0,0,0,2,3
207,208,1,3,0,26.0,0,0,2,1
851,852,0,3,0,74.0,0,0,1,1
204,205,1,3,0,18.0,0,0,1,1
765,766,1,1,1,51.0,1,0,1,3
482,483,0,3,0,50.0,0,0,1,1
205,206,0,3,1,2.0,0,1,1,2
210,211,0,3,0,24.0,0,0,1,1
867,868,0,1,0,31.0,0,0,1,1
213,214,0,2,0,30.0,0,0,1,1
60,61,0,3,0,22.0,0,0,2,1
141,142,1,3,1,22.0,0,0,1,2
606,607,0,3,0,30.0,0,0,1,1
468,469,0,3,0,0.0,0,0,3,1
107,108,1,3,0,0.0,0,0,1,1
436,437,0,3,1,21.0,2,2,1,2
391,392,1,3,0,21.0,0,0,1,1
402,403,0,3,1,21.0,1,0,1,2
684,685,0,2,0,60.0,1,1,1,1
649,650,1,3,1,23.0,0,0,1,2
742,743,1,1,1,21.0,2,2,2,2
887,888,1,1,1,19.0,0,0,1,2
410,411,0,3,0,0.0,0,0,1,1
149,150,0,2,0,42.0,0,0,1,6
551,552,0,2,0,27.0,0,0,1,1
388,389,0,3,0,0.0,0,0,3,1
108,109,0,3,0,38.0,0,0,1,1
338,339,1,3,0,45.0,0,0,1,1
232,233,0,2,0,59.0,0,0,1,1
408,409,0,3,0,21.0,0,0,1,1
493,494,0,1,0,71.0,0,0,2,1
865,866,1,2,1,42.0,0,0,1,3
833,834,0,3,0,23.0,0,0,1,1
240,241,0,3,1,0.0,1,0,2,2
0,1,0,3,0,22.0,1,0,1,1
888,889,0,3,1,0.0,1,2,1,2
690,691,1,1,0,31.0,1,0,1,1
537,538,1,1,1,30.0,0,0,2,2
425,426,0,3,0,0.0,0,0,1,1
227,228,0,3,0,20.5,0,0,1,1
442,443,0,3,0,25.0,1,0,1,1
287,288,0,3,0,22.0,0,0,1,1
694,695,0,1,0,60.0,0,0,1,6
268,269,1,1,1,58.0,0,1,1,3
793,794,0,1,0,0.0,0,0,2,1
831,832,1,2,0,0.83,1,1,1,4
520,521,1,1,1,30.0,0,0,1,2
192,193,1,3,1,19.0,1,0,1,2
7,8,0,3,0,2.0,3,1,1,4
483,484,1,3,1,63.0,0,0,1,3
115,116,0,3,0,21.0,0,0,1,1
140,141,0,3,1,0.0,0,2,2,3
874,875,1,2,1,28.0,1,0,2,3
303,304,1,2,1,0.0,0,0,3,2
840,841,0,3,0,20.0,0,0,1,1
889,890,1,1,0,26.0,0,0,2,1
882,883,0,3,1,22.0,0,0,1,2
603,604,0,3,0,44.0,0,0,1,1
622,623,1,3,0,20.0,1,1,2,1
504,505,1,1,1,16.0,0,0,1,2
174,175,0,1,0,56.0,0,0,2,1
339,340,0,1,0,45.0,0,0,1,1
257,258,1,1,1,30.0,0,0,1,2
506,507,1,2,1,33.0,0,2,1,3
881,882,0,3,0,33.0,0,0,1,1
503,504,0,3,1,37.0,0,0,1,2
665,666,0,2,0,32.0,2,0,1,1
27,28,0,1,0,19.0,3,2,1,1
866,867,1,2,1,27.0,1,0,2,2
119,120,0,3,1,2.0,4,2,1,2
627,628,1,1,1,21.0,0,0,1,2
577,578,1,1,1,39.0,1,0,1,3
521,522,0,3,0,22.0,0,0,1,1
827,828,1,2,0,1.0,0,2,2,4
631,632,0,3,0,51.0,0,0,1,1
92,93,0,1,0,46.0,1,0,1,1
133,134,1,2,1,29.0,1,0,1,3
95,96,0,3,0,0.0,0,0,1,1
560,561,0,3,0,0.0,0,0,3,1
720,721,1,2,1,6.0,0,1,1,2
183,184,1,2,0,1.0,2,1,1,4
201,202,0,3,0,0.0,8,2,1,1
779,780,1,1,1,43.0,0,1,1,3
590,591,0,3,0,35.0,0,0,1,1
642,643,0,3,1,2.0,3,2,1,2
57,58,0,3,0,28.5,0,0,2,1
761,762,0,3,0,41.0,0,0,1,1
463,464,0,2,0,48.0,0,0,1,1
784,785,0,3,0,25.0,0,0,1,1
543,544,1,2,0,32.0,1,0,1,1
387,388,1,2,1,36.0,0,0,1,2
500,501,0,3,0,17.0,0,0,1,1
611,612,0,3,0,0.0,0,0,1,1
810,811,0,3,0,26.0,0,0,1,1
209,210,1,1,0,40.0,0,0,2,1
191,192,0,2,0,19.0,0,0,1,1
300,301,1,3,1,0.0,0,0,3,2
820,821,1,1,1,52.0,1,1,1,3
455,456,1,3,0,29.0,0,0,2,1
527,528,0,1,0,0.0,0,0,1,1
518,519,1,2,1,36.0,1,0,1,3
647,648,1,1,0,56.0,0,0,2,6
256,257,1,1,1,0.0,0,0,2,3
308,309,0,2,0,30.0,1,0,2,1
795,796,0,2,0,39.0,0,0,1,1
717,718,1,2,1,27.0,0,0,1,2
470,471,0,3,0,0.0,0,0,1,1
659,660,0,1,0,58.0,0,2,2,1
783,784,0,3,0,0.0,1,2,1,1
680,681,0,3,1,0.0,0,0,3,2
35,36,0,1,0,42.0,1,0,1,1
356,357,1,1,1,22.0,0,1,1,2
198,199,1,3,1,0.0,0,0,3,2
411,412,0,3,0,0.0,0,0,3,1
781,782,1,1,1,17.0,1,0,1,3
347,348,1,3,1,0.0,1,0,1,3
608,609,1,2,1,22.0,1,2,2,3
377,378,0,1,0,27.0,0,2,2,1
803,804,1,3,0,0.42,0,1,2,4
34,35,0,1,0,28.0,1,0,2,1
253,254,0,3,0,30.0,1,0,1,1
505,506,0,1,0,18.0,1,0,2,1
656,657,0,3,0,0.0,0,0,1,1
850,851,0,3,0,4.0,4,2,1,4
688,689,0,3,0,18.0,0,0,1,1
357,358,0,2,1,38.0,0,0,1,2
178,179,0,2,0,30.0,0,0,1,1
639,640,0,3,0,0.0,1,0,1,1
182,183,0,3,0,9.0,4,2,1,4
360,361,0,3,0,40.0,1,4,1,1
516,517,1,2,1,34.0,0,0,1,3
669,670,1,1,1,0.0,1,0,1,3
37,38,0,3,0,21.0,0,0,1,1
416,417,1,2,1,34.0,1,1,1,3
111,112,0,3,1,14.5,1,0,2,2
626,627,0,2,0,57.0,0,0,3,6
859,860,0,3,0,0.0,0,0,2,1
861,862,0,2,0,21.0,1,0,1,1
644,645,1,3,1,0.75,2,1,2,2
58,59,1,2,1,5.0,1,2,1,2
80,81,0,3,0,22.0,0,0,1,1
431,432,1,3,1,0.0,1,0,1,3
151,152,1,1,1,22.0,1,0,1,3
228,229,0,2,0,18.0,0,0,1,1
376,377,1,3,1,22.0,0,0,1,2
465,466,0,3,0,38.0,0,0,1,1
540,541,1,1,1,36.0,0,2,1,2
30,31,0,1,0,40.0,0,0,2,6
199,200,0,2,1,24.0,0,0,1,2
689,690,1,1,1,15.0,0,1,1,2
477,478,0,3,0,29.0,1,0,1,1
798,799,0,3,0,30.0,0,0,2,1
868,869,0,3,0,0.0,0,0,1,1
593,594,0,3,1,0.0,0,2,3,2
515,516,0,1,0,47.0,0,0,1,1
289,290,1,3,1,22.0,0,0,3,2
673,674,1,2,0,31.0,0,0,1,1
677,678,1,3,1,18.0,0,0,1,2
791,792,0,2,0,16.0,0,0,1,1
135,136,0,2,0,23.0,0,0,2,1
441,442,0,3,0,20.0,0,0,1,1
132,133,0,3,1,47.0,1,0,1,3
157,158,0,3,0,30.0,0,0,1,1
371,372,0,3,0,18.0,1,0,1,1
67,68,0,3,0,19.0,0,0,1,1
739,740,0,3,0,0.0,0,0,1,1
663,664,0,3,0,36.0,0,0,1,1
8,9,1,3,1,27.0,0,2,1,3
733,734,0,2,0,23.0,0,0,1,1
116,117,0,3,0,70.5,0,0,3,1
350,351,0,3,0,23.0,0,0,1,1
66,67,1,2,1,29.0,0,0,1,3
381,382,1,3,1,1.0,0,2,2,2
325,326,1,1,1,36.0,0,0,2,2
415,416,0,3,1,0.0,0,0,1,3
541,542,0,3,1,9.0,4,2,1,2
74,75,1,3,0,32.0,0,0,1,1
738,739,0,3,0,0.0,0,0,1,1
687,688,0,3,0,19.0,0,0,1,1
68,69,1,3,1,17.0,4,2,1,2
495,496,0,3,0,0.0,0,0,2,1
250,251,0,3,0,0.0,0,0,1,1
383,384,1,1,1,35.0,1,0,1,3
94,95,0,3,0,59.0,0,0,1,1
246,247,0,3,1,25.0,0,0,1,2
330,331,1,3,1,0.0,2,0,3,2
55,56,1,1,0,0.0,0,0,1,1
545,546,0,1,0,64.0,0,0,1,1
699,700,0,3,0,42.0,0,0,1,1
75,76,0,3,0,25.0,0,0,1,1
542,543,0,3,1,11.0,4,2,1,2
259,260,1,2,1,50.0,0,1,1,3
301,302,1,3,0,0.0,2,0,3,1
159,160,0,3,0,0.0,8,2,1,4
333,334,0,3,0,16.0,2,0,1,1
38,39,0,3,1,18.0,2,0,1,2
163,164,0,3,0,17.0,0,0,1,1
439,440,0,2,0,31.0,0,0,1,1
709,710,1,3,0,0.0,1,1,2,4
23,24,1,1,0,28.0,0,0,1,1
736,737,0,3,1,48.0,1,3,1,3
562,563,0,2,0,28.0,0,0,1,1
349,350,0,3,0,42.0,0,0,1,1
585,586,1,1,1,18.0,0,2,1,2
872,873,0,1,0,33.0,0,0,1,1
879,880,1,1,1,56.0,0,1,2,3
112,113,0,3,0,22.0,0,0,1,1
430,431,1,1,0,28.0,0,0,1,1
648,649,0,3,0,0.0,0,0,1,1
279,280,1,3,1,35.0,1,1,1,3
42,43,0,3,0,0.0,0,0,2,1
697,698,1,3,1,0.0,0,0,3,2
160,161,0,3,0,44.0,0,1,1,1
229,230,0,3,1,0.0,3,1,1,2
609,610,1,1,1,40.0,0,0,1,2
567,568,0,3,1,29.0,0,4,1,3
86,87,0,3,0,16.0,1,3,1,1
39,40,1,3,1,14.0,1,0,2,2
654,655,0,3,1,18.0,0,0,3,2
782,783,0,1,0,29.0,0,0,1,1
54,55,0,1,0,65.0,0,1,2,1
475,476,0,1,0,0.0,0,0,1,1
332,333,0,1,0,38.0,0,1,1,1
216,217,1,3,1,27.0,0,0,1,2
72,73,0,2,0,21.0,0,0,1,1
566,567,0,3,0,19.0,0,0,1,1
832,833,0,3,0,0.0,0,0,2,1
120,121,0,2,0,21.0,2,0,1,1
754,755,1,2,1,48.0,1,2,1,3
110,111,0,1,0,47.0,0,0,1,1
129,130,0,3,0,45.0,0,0,1,1
634,635,0,3,1,9.0,3,2,1,2
600,601,1,2,1,24.0,2,1,1,3
2,3,1,3,1,26.0,0,0,1,2
131,132,0,3,0,20.0,0,0,1,1
580,581,1,2,1,25.0,1,1,1,2
235,236,0,3,1,0.0,0,0,1,2
834,835,0,3,0,18.0,0,0,1,1
102,103,0,1,0,21.0,0,1,1,1
432,433,1,2,1,42.0,1,0,1,3
16,17,0,3,0,2.0,4,1,3,4
215,216,1,1,1,31.0,1,0,2,2
557,558,0,1,0,0.0,0,0,2,1
260,261,0,3,0,0.0,0,0,3,1
231,232,0,3,0,29.0,0,0,1,1
480,481,0,3,0,9.0,5,2,1,4
230,231,1,1,1,35.0,1,0,1,3
632,633,1,1,0,32.0,0,0,2,6
612,613,1,3,1,0.0,1,0,3,2
105,106,0,3,0,28.0,0,0,1,1
15,16,1,2,1,55.0,0,0,1,3
261,262,1,3,0,3.0,4,2,1,4
49,50,0,3,1,18.0,1,0,1,3
327,328,1,2,1,36.0,0,0,1,3
692,693,1,3,0,0.0,0,0,1,1
225,226,0,3,0,22.0,0,0,1,1
510,511,1,3,0,29.0,0,0,3,1
341,342,1,1,1,24.0,3,2,1,2
164,165,0,3,0,1.0,4,1,1,4
815,816,0,1,0,0.0,0,0,1,1
547,548,1,2,0,0.0,0,0,2,1
397,398,0,2,0,46.0,0,0,1,1
799,800,0,3,1,30.0,1,1,1,3
837,838,0,3,0,0.0,0,0,1,1
704,705,0,3,0,26.0,1,0,1,1
785,786,0,3,0,25.0,0,0,1,1
508,509,0,3,0,28.0,0,0,1,1
351,352,0,1,0,0.0,0,0,1,1
128,129,1,3,1,0.0,1,1,2,2
81,82,1,3,0,29.0,0,0,1,1
372,373,0,3,0,19.0,0,0,1,1
797,798,1,3,1,31.0,0,0,1,3
96,97,0,1,0,71.0,0,0,2,1
264,265,0,3,1,0.0,0,0,3,2
274,275,1,3,1,0.0,0,0,3,2
524,525,0,3,0,0.0,0,0,2,1
775,776,0,3,0,18.0,0,0,1,1
249,250,0,2,0,54.0,1,0,1,6
726,727,1,2,1,30.0,3,0,1,3
418,419,0,2,0,30.0,0,0,1,1
683,684,0,3,0,14.0,5,2,1,1
312,313,0,2,1,26.0,1,1,1,3
823,824,1,3,1,27.0,0,1,1,3
650,651,0,3,0,0.0,0,0,1,1
858,859,1,3,1,24.0,0,3,2,3
188,189,0,3,0,40.0,1,1,3,1
148,149,0,2,0,36.5,0,2,1,1
772,773,0,2,1,57.0,0,0,1,3
643,644,1,3,0,0.0,0,0,1,1
471,472,0,3,0,38.0,0,0,1,1
591,592,1,1,1,52.0,1,0,2,3
478,479,0,3,0,22.0,0,0,1,1
588,589,0,3,0,22.0,0,0,1,1
501,502,0,3,1,21.0,0,0,3,2
22,23,1,3,1,15.0,0,0,3,2
763,764,1,1,1,36.0,1,2,1,3
586,587,0,2,0,47.0,0,0,1,1
154,155,0,3,0,0.0,0,0,1,1
143,144,0,3,0,19.0,0,0,3,1
382,383,0,3,0,32.0,0,0,1,1
10,11,1,3,1,4.0,1,1,1,2
817,818,0,2,0,31.0,1,1,2,1
52,53,1,1,1,49.0,1,0,2,3
284,285,0,1,0,0.0,0,0,1,1
484,485,1,1,0,25.0,1,0,2,1
693,694,0,3,0,25.0,0,0,2,1
443,444,1,2,1,28.0,0,0,1,2
661,662,0,3,0,40.0,0,0,2,1
584,585,0,3,0,0.0,0,0,2,1
678,679,0,3,1,43.0,1,6,1,3
1,2,1,1,1,38.0,1,0,2,3
727,728,1,3,1,0.0,0,0,3,2
18,19,0,3,1,31.0,1,0,1,3
355,356,0,3,0,28.0,0,0,1,1
64,65,0,1,0,0.0,0,0,2,1
811,812,0,3,0,39.0,0,0,1,1
386,387,0,3,0,1.0,5,2,1,4
77,78,0,3,0,0.0,0,0,1,1
136,137,1,1,1,19.0,0,2,1,2
53,54,1,2,1,29.0,1,0,1,3
670,671,1,2,1,40.0,1,1,1,3
364,365,0,3,0,0.0,1,0,3,1
623,624,0,3,0,21.0,0,0,1,1
43,44,1,2,1,3.0,1,2,2,2
9,10,1,2,1,14.0,1,0,2,3
354,355,0,3,0,0.0,0,0,2,1
168,169,0,1,0,0.0,0,0,1,1
353,354,0,3,0,25.0,1,0,1,1
97,98,1,1,0,23.0,0,1,2,1
452,453,0,1,0,30.0,0,0,2,1
438,439,0,1,0,64.0,1,4,1,1
451,452,0,3,0,0.0,1,0,1,1
167,168,0,3,1,45.0,1,4,1,3
561,562,0,3,0,40.0,0,0,1,1
617,618,0,3,1,26.0,1,0,1,3
445,446,1,1,0,4.0,0,2,1,4
319,320,1,1,1,40.0,1,1,2,3
748,749,0,1,0,19.0,1,0,1,1
175,176,0,3,0,18.0,1,1,1,1
296,297,0,3,0,23.5,0,0,2,1
365,366,0,3,0,30.0,0,0,1,1
630,631,1,1,0,80.0,0,0,1,1
294,295,0,3,0,24.0,0,0,1,1
808,809,0,2,0,39.0,0,0,1,1
448,449,1,3,1,5.0,2,1,2,2
218,219,1,1,1,32.0,0,0,2,2
860,861,0,3,0,41.0,2,0,1,1
311,312,1,1,1,18.0,2,2,2,2
582,583,0,2,0,54.0,0,0,1,1
558,559,1,1,1,39.0,1,1,1,3
824,825,0,3,0,2.0,4,1,1,4
109,110,1,3,1,0.0,1,0,3,2
871,872,1,1,1,47.0,1,1,1,3
828,829,1,3,0,0.0,0,0,3,1
238,239,0,2,0,19.0,0,0,1,1
344,345,0,2,0,36.0,0,0,1,1
777,778,1,3,1,5.0,0,0,1,2
641,642,1,1,1,24.0,0,0,2,2
757,758,0,2,0,18.0,0,0,1,1
393,394,1,1,1,23.0,1,0,2,2
732,733,0,2,0,0.0,0,0,1,1
595,596,0,3,0,36.0,1,1,1,1
790,791,0,3,0,0.0,0,0,3,1
825,826,0,3,0,0.0,0,0,3,1
73,74,0,3,0,26.0,1,0,2,1
570,571,1,2,0,62.0,0,0,1,1
674,675,0,2,0,0.0,0,0,1,1
156,157,1,3,1,16.0,0,0,3,2
17,18,1,2,0,0.0,0,0,1,1
90,91,0,3,0,29.0,0,0,1,1
473,474,1,2,1,23.0,0,0,2,3
721,722,0,3,0,17.0,1,0,1,1
32,33,1,3,1,0.0,0,0,3,2
523,524,1,1,1,44.0,0,1,2,3
104,105,0,3,0,37.0,2,0,1,1
821,822,1,3,0,27.0,0,0,1,1
502,503,0,3,1,0.0,0,0,3,2
599,600,1,1,0,49.0,1,0,2,5
836,837,0,3,0,21.0,0,0,1,1
306,307,1,1,1,0.0,0,0,2,2
856,857,1,1,1,45.0,1,1,1,3
885,886,0,3,1,39.0,0,5,3,3
767,768,0,3,1,30.5,0,0,3,2
575,576,0,3,0,19.0,0,0,1,1
581,582,1,1,1,39.0,1,1,2,3
190,191,1,2,1,32.0,0,0,1,3
875,876,1,3,1,15.0,0,0,2,2
88,89,1,1,1,23.0,3,2,1,2
807,808,0,3,1,18.0,0,0,1,2
41,42,0,2,1,27.0,1,0,1,3
668,669,0,3,0,43.0,0,0,1,1
241,242,1,3,1,0.0,1,0,3,2
390,391,1,1,0,36.0,1,2,1,1
6,7,0,1,0,54.0,0,0,1,1
91,92,0,3,0,20.0,0,0,1,1
522,523,0,3,0,0.0,0,0,2,1
794,795,0,3,0,25.0,0,0,1,1
534,535,0,3,1,30.0,0,0,1,2
735,736,0,3,0,28.5,0,0,1,1
362,363,0,3,1,45.0,0,1,2,3
40,41,0,3,1,40.0,1,0,1,3
297,298,0,1,1,2.0,1,2,1,2
549,550,1,2,0,8.0,1,1,1,4
583,584,0,1,0,36.0,0,0,2,1
19,20,1,3,1,0.0,0,0,2,3
839,840,1,1,0,0.0,0,0,2,1
266,267,0,3,0,16.0,4,1,1,1
407,408,1,2,0,3.0,1,1,1,4
686,687,0,3,0,14.0,4,1,1,1
337,338,1,1,1,41.0,0,0,2,2
126,127,0,3,0,0.0,0,0,3,1
342,343,0,2,0,28.0,0,0,1,1
243,244,0,3,0,22.0,0,0,1,1
304,305,0,3,0,0.0,0,0,1,1
211,212,1,2,1,35.0,0,0,1,2
497,498,0,3,0,0.0,0,0,1,1
681,682,1,1,0,27.0,0,0,2,1
285,286,0,3,0,33.0,0,0,2,1
343,344,0,2,0,25.0,0,0,1,1
745,746,0,1,0,70.0,1,1,1,6
51,52,0,3,0,21.0,0,0,1,1
181,182,0,2,0,0.0,0,0,2,1
422,423,0,3,0,29.0,0,0,1,1
587,588,1,1,0,60.0,1,1,2,1
150,151,0,2,0,51.0,0,0,1,6
796,797,1,1,1,49.0,0,0,1,6
598,599,0,3,0,0.0,0,0,2,1
103,104,0,3,0,33.0,0,0,1,1
4,5,0,3,0,35.0,0,0,1,1
776,777,0,3,0,0.0,0,0,3,1
766,767,0,1,0,0.0,0,0,2,6
435,436,1,1,1,14.0,1,2,1,2
672,673,0,2,0,70.0,0,0,1,1
753,754,0,3,0,23.0,0,0,1,1
